invoice_id,supplier_id,invoice_date,due_date,payment_date,invoice_amount,payment_amount,payment_status
1,1051,11-07-2023,10-08-2023,09-08-2023,1902.17,1902.17,On Time
2,1092,11-07-2023,10-08-2023,09-08-2023,2507.66,2507.66,On Time
3,1014,11-07-2023,10-08-2023,09-08-2023,2846.93,2846.93,Late
4,1071,11-07-2023,10-08-2023,09-08-2023,2923.62,2923.62,Late
5,1060,11-07-2023,10-08-2023,09-08-2023,2740.72,2740.72,Late
6,1020,11-07-2023,10-08-2023,09-08-2023,4749.41,4749.41,Late
7,1082,11-07-2023,10-08-2023,09-08-2023,3824.08,3824.08,Late
8,1086,11-07-2023,10-08-2023,09-08-2023,3524.68,3524.68,Late
9,1074,11-07-2023,10-08-2023,09-08-2023,1199.37,1199.37,Late
10,1074,11-07-2023,10-08-2023,09-08-2023,4615.65,4615.65,Late
11,1087,11-07-2023,10-08-2023,09-08-2023,4637.56,4637.56,Late
12,1099,11-07-2023,10-08-2023,09-08-2023,4120.85,4120.85,On Time
13,1023,11-07-2023,10-08-2023,09-08-2023,1028.12,1028.12,Late
14,1002,11-07-2023,10-08-2023,09-08-2023,1229.12,1229.12,On Time
15,1021,11-07-2023,10-08-2023,09-08-2023,1900.89,1900.89,Late
16,1052,11-07-2023,10-08-2023,09-08-2023,1525.4,1525.4,Late
17,1001,11-07-2023,10-08-2023,09-08-2023,2595.34,2595.34,Late
18,1087,11-07-2023,10-08-2023,09-08-2023,4690.49,4690.49,On Time
19,1029,11-07-2023,10-08-2023,09-08-2023,2888.24,2888.24,On Time
20,1037,11-07-2023,10-08-2023,09-08-2023,1053.61,1053.61,On Time
21,1001,11-07-2023,10-08-2023,09-08-2023,2130.98,2130.98,On Time
22,1063,11-07-2023,10-08-2023,09-08-2023,1178.38,1178.38,On Time
23,1059,11-07-2023,10-08-2023,09-08-2023,1145.15,1145.15,Late
24,1020,11-07-2023,10-08-2023,09-08-2023,2102.88,2102.88,Late
25,1032,11-07-2023,10-08-2023,09-08-2023,2102.45,2102.45,Late
26,1075,11-07-2023,10-08-2023,09-08-2023,4148.51,4148.51,On Time
27,1057,11-07-2023,10-08-2023,09-08-2023,4899.34,4899.34,Late
28,1021,11-07-2023,10-08-2023,09-08-2023,2484.83,2484.83,Late
29,1088,11-07-2023,10-08-2023,09-08-2023,2715.55,2715.55,Late
30,1048,11-07-2023,10-08-2023,09-08-2023,4379.16,4379.16,Late
31,1090,11-07-2023,10-08-2023,09-08-2023,2072.56,2072.56,Late
32,1058,11-07-2023,10-08-2023,09-08-2023,1625.53,1625.53,On Time
33,1041,11-07-2023,10-08-2023,09-08-2023,4412.36,4412.36,Late
34,1091,11-07-2023,10-08-2023,09-08-2023,1186,1186,Late
35,1059,11-07-2023,10-08-2023,09-08-2023,3478.8,3478.8,Late
36,1079,11-07-2023,10-08-2023,09-08-2023,3247.97,3247.97,Late
37,1014,11-07-2023,10-08-2023,09-08-2023,2383.68,2383.68,Late
38,1061,11-07-2023,10-08-2023,09-08-2023,2260.76,2260.76,Late
39,1061,11-07-2023,10-08-2023,09-08-2023,4087.43,4087.43,Late
40,1046,11-07-2023,10-08-2023,09-08-2023,1345.7,1345.7,On Time
41,1061,11-07-2023,10-08-2023,09-08-2023,1947.14,1947.14,On Time
42,1050,11-07-2023,10-08-2023,09-08-2023,3929.79,3929.79,Late
43,1054,11-07-2023,10-08-2023,09-08-2023,3193.28,3193.28,Late
44,1063,11-07-2023,10-08-2023,09-08-2023,1511.95,1511.95,Late
45,1002,11-07-2023,10-08-2023,09-08-2023,4528.54,4528.54,Late
46,1050,11-07-2023,10-08-2023,09-08-2023,2573.79,2573.79,On Time
47,1006,11-07-2023,10-08-2023,09-08-2023,4311.47,4311.47,Late
48,1020,11-07-2023,10-08-2023,09-08-2023,4150.85,4150.85,Late
49,1072,11-07-2023,10-08-2023,09-08-2023,3497.7,3497.7,Late
50,1038,11-07-2023,10-08-2023,09-08-2023,2977.92,2977.92,Late
51,1017,11-07-2023,10-08-2023,09-08-2023,4918.2,4918.2,Late
52,1003,11-07-2023,10-08-2023,09-08-2023,1579.86,1579.86,On Time
53,1088,11-07-2023,10-08-2023,09-08-2023,3900.62,3900.62,Late
54,1059,11-07-2023,10-08-2023,09-08-2023,1764.76,1764.76,On Time
55,1013,11-07-2023,10-08-2023,09-08-2023,2353.05,2353.05,Late
56,1008,11-07-2023,10-08-2023,09-08-2023,2234.79,2234.79,On Time
57,1089,11-07-2023,10-08-2023,09-08-2023,4788.14,4788.14,Late
58,1052,11-07-2023,10-08-2023,09-08-2023,4869.42,4869.42,Late
59,1001,11-07-2023,10-08-2023,09-08-2023,1732.06,1732.06,Late
60,1083,11-07-2023,10-08-2023,09-08-2023,1088.14,1088.14,Late
61,1091,11-07-2023,10-08-2023,09-08-2023,3880.03,3880.03,Late
62,1059,11-07-2023,10-08-2023,09-08-2023,2671.96,2671.96,Late
63,1070,11-07-2023,10-08-2023,09-08-2023,1355.36,1355.36,Late
64,1043,11-07-2023,10-08-2023,09-08-2023,3735.02,3735.02,On Time
65,1007,11-07-2023,10-08-2023,09-08-2023,3180.42,3180.42,Late
66,1046,11-07-2023,10-08-2023,09-08-2023,4922.07,4922.07,Late
67,1034,11-07-2023,10-08-2023,09-08-2023,1909.64,1909.64,Late
68,1077,11-07-2023,10-08-2023,09-08-2023,2615.91,2615.91,Late
69,1080,11-07-2023,10-08-2023,09-08-2023,3170.18,3170.18,On Time
70,1035,11-07-2023,10-08-2023,09-08-2023,4166.8,4166.8,Late
71,1049,11-07-2023,10-08-2023,09-08-2023,3195.35,3195.35,On Time
72,1003,11-07-2023,10-08-2023,09-08-2023,3451.6,3451.6,Late
73,1001,11-07-2023,10-08-2023,09-08-2023,1904.59,1904.59,Late
74,1005,11-07-2023,10-08-2023,09-08-2023,4387.67,4387.67,On Time
75,1053,11-07-2023,10-08-2023,09-08-2023,2714.52,2714.52,Late
76,1003,11-07-2023,10-08-2023,09-08-2023,1563.84,1563.84,On Time
77,1053,11-07-2023,10-08-2023,09-08-2023,3656.75,3656.75,On Time
78,1092,11-07-2023,10-08-2023,09-08-2023,1864.36,1864.36,On Time
79,1062,11-07-2023,10-08-2023,09-08-2023,1390.25,1390.25,Late
80,1017,11-07-2023,10-08-2023,09-08-2023,4447.95,4447.95,On Time
81,1089,11-07-2023,10-08-2023,09-08-2023,2840.65,2840.65,On Time
82,1043,11-07-2023,10-08-2023,09-08-2023,3997.13,3997.13,Late
83,1033,11-07-2023,10-08-2023,09-08-2023,2162.35,2162.35,Late
84,1073,11-07-2023,10-08-2023,09-08-2023,4147.88,4147.88,Late
85,1061,11-07-2023,10-08-2023,09-08-2023,1447.74,1447.74,Late
86,1099,11-07-2023,10-08-2023,09-08-2023,2423.89,2423.89,Late
87,1013,11-07-2023,10-08-2023,09-08-2023,4912.25,4912.25,Late
88,1094,11-07-2023,10-08-2023,09-08-2023,4175.96,4175.96,Late
89,1047,11-07-2023,10-08-2023,09-08-2023,2989.02,2989.02,Late
90,1014,11-07-2023,10-08-2023,09-08-2023,2359.11,2359.11,Late
91,1071,11-07-2023,10-08-2023,09-08-2023,4488.54,4488.54,Late
92,1077,11-07-2023,10-08-2023,09-08-2023,3179.39,3179.39,On Time
93,1086,11-07-2023,10-08-2023,09-08-2023,4033.7,4033.7,Late
94,1061,11-07-2023,10-08-2023,09-08-2023,4016.43,4016.43,Late
95,1039,11-07-2023,10-08-2023,09-08-2023,1071.78,1071.78,Late
96,1084,11-07-2023,10-08-2023,09-08-2023,1505.02,1505.02,Late
97,1079,11-07-2023,10-08-2023,09-08-2023,3638.52,3638.52,Late
98,1081,11-07-2023,10-08-2023,09-08-2023,1646.48,1646.48,Late
99,1052,11-07-2023,10-08-2023,09-08-2023,2021.97,2021.97,Late
100,1023,11-07-2023,10-08-2023,09-08-2023,4786.55,4786.55,Late
101,1025,11-07-2023,10-08-2023,09-08-2023,3240.73,3240.73,Late
102,1088,11-07-2023,10-08-2023,09-08-2023,4002.92,4002.92,Late
103,1059,11-07-2023,10-08-2023,09-08-2023,3231.92,3231.92,On Time
104,1040,11-07-2023,10-08-2023,09-08-2023,3210.05,3210.05,Late
105,1028,11-07-2023,10-08-2023,09-08-2023,1376.61,1376.61,Late
106,1014,11-07-2023,10-08-2023,09-08-2023,2374.65,2374.65,Late
107,1044,11-07-2023,10-08-2023,09-08-2023,2129.72,2129.72,Late
108,1064,11-07-2023,10-08-2023,09-08-2023,2562.91,2562.91,Late
109,1088,11-07-2023,10-08-2023,09-08-2023,4193.38,4193.38,Late
110,1070,11-07-2023,10-08-2023,09-08-2023,2487.73,2487.73,Late
111,1008,11-07-2023,10-08-2023,09-08-2023,2806.79,2806.79,Late
112,1087,11-07-2023,10-08-2023,09-08-2023,2589.53,2589.53,Late
113,1000,11-07-2023,10-08-2023,09-08-2023,1373.63,1373.63,Late
114,1007,11-07-2023,10-08-2023,09-08-2023,2764.29,2764.29,Late
115,1087,11-07-2023,10-08-2023,09-08-2023,1782.44,1782.44,On Time
116,1062,11-07-2023,10-08-2023,09-08-2023,1746.89,1746.89,Late
117,1010,11-07-2023,10-08-2023,09-08-2023,1376.14,1376.14,Late
118,1080,11-07-2023,10-08-2023,09-08-2023,2426.68,2426.68,On Time
119,1007,11-07-2023,10-08-2023,09-08-2023,4029.93,4029.93,On Time
120,1034,11-07-2023,10-08-2023,09-08-2023,2105.77,2105.77,Late
121,1034,11-07-2023,10-08-2023,09-08-2023,2249.4,2249.4,Late
122,1032,11-07-2023,10-08-2023,09-08-2023,3570.7,3570.7,Late
123,1004,11-07-2023,10-08-2023,09-08-2023,1783.36,1783.36,On Time
124,1040,11-07-2023,10-08-2023,09-08-2023,4587.83,4587.83,On Time
125,1027,11-07-2023,10-08-2023,09-08-2023,3080.76,3080.76,Late
126,1006,11-07-2023,10-08-2023,09-08-2023,2790.41,2790.41,Late
127,1072,11-07-2023,10-08-2023,09-08-2023,3231.28,3231.28,Late
128,1071,11-07-2023,10-08-2023,09-08-2023,1664.14,1664.14,Late
129,1011,11-07-2023,10-08-2023,09-08-2023,3453.89,3453.89,Late
130,1033,11-07-2023,10-08-2023,09-08-2023,2452.4,2452.4,Late
131,1032,11-07-2023,10-08-2023,09-08-2023,4588.75,4588.75,Late
132,1047,11-07-2023,10-08-2023,09-08-2023,1675.42,1675.42,Late
133,1022,11-07-2023,10-08-2023,09-08-2023,3028.2,3028.2,Late
134,1061,11-07-2023,10-08-2023,09-08-2023,3392.45,3392.45,Late
135,1087,11-07-2023,10-08-2023,09-08-2023,1133.53,1133.53,Late
136,1036,11-07-2023,10-08-2023,09-08-2023,2454.77,2454.77,Late
137,1098,11-07-2023,10-08-2023,09-08-2023,3930.54,3930.54,Late
138,1043,11-07-2023,10-08-2023,09-08-2023,4281.51,4281.51,Late
139,1085,11-07-2023,10-08-2023,09-08-2023,2252.65,2252.65,Late
140,1090,11-07-2023,10-08-2023,09-08-2023,4194.37,4194.37,Late
141,1034,11-07-2023,10-08-2023,09-08-2023,4871.02,4871.02,Late
142,1064,11-07-2023,10-08-2023,09-08-2023,4427.5,4427.5,On Time
143,1098,11-07-2023,10-08-2023,09-08-2023,1470.58,1470.58,On Time
144,1046,11-07-2023,10-08-2023,09-08-2023,3958.92,3958.92,On Time
145,1077,11-07-2023,10-08-2023,09-08-2023,2278.67,2278.67,Late
146,1002,11-07-2023,10-08-2023,09-08-2023,4953.66,4953.66,Late
147,1000,11-07-2023,10-08-2023,09-08-2023,2941.44,2941.44,Late
148,1004,11-07-2023,10-08-2023,09-08-2023,1489.74,1489.74,Late
149,1089,11-07-2023,10-08-2023,09-08-2023,3900.74,3900.74,Late
150,1013,11-07-2023,10-08-2023,09-08-2023,2292.04,2292.04,On Time
151,1026,11-07-2023,10-08-2023,09-08-2023,4988.31,4988.31,Late
152,1008,11-07-2023,10-08-2023,09-08-2023,4919.13,4919.13,Late
153,1078,11-07-2023,10-08-2023,09-08-2023,3624.54,3624.54,On Time
154,1014,11-07-2023,10-08-2023,09-08-2023,1519.31,1519.31,Late
155,1089,11-07-2023,10-08-2023,09-08-2023,3747.44,3747.44,On Time
156,1041,11-07-2023,10-08-2023,09-08-2023,1372.12,1372.12,Late
157,1076,11-07-2023,10-08-2023,09-08-2023,1117.46,1117.46,On Time
158,1050,11-07-2023,10-08-2023,09-08-2023,4291.83,4291.83,Late
159,1062,11-07-2023,10-08-2023,09-08-2023,1839.01,1839.01,Late
160,1095,11-07-2023,10-08-2023,09-08-2023,2516.11,2516.11,Late
161,1051,11-07-2023,10-08-2023,09-08-2023,4893.83,4893.83,Late
162,1095,11-07-2023,10-08-2023,09-08-2023,2347.36,2347.36,Late
163,1003,11-07-2023,10-08-2023,09-08-2023,2185.96,2185.96,Late
164,1093,11-07-2023,10-08-2023,09-08-2023,4672.83,4672.83,Late
165,1022,11-07-2023,10-08-2023,09-08-2023,1442.99,1442.99,Late
166,1014,11-07-2023,10-08-2023,09-08-2023,4038.33,4038.33,Late
167,1042,11-07-2023,10-08-2023,09-08-2023,4952.26,4952.26,On Time
168,1028,11-07-2023,10-08-2023,09-08-2023,4605.18,4605.18,On Time
169,1035,11-07-2023,10-08-2023,09-08-2023,3606.67,3606.67,On Time
170,1012,11-07-2023,10-08-2023,09-08-2023,2256.24,2256.24,Late
171,1031,11-07-2023,10-08-2023,09-08-2023,2017.29,2017.29,On Time
172,1070,11-07-2023,10-08-2023,09-08-2023,4277.02,4277.02,On Time
173,1058,11-07-2023,10-08-2023,09-08-2023,4519.29,4519.29,Late
174,1085,11-07-2023,10-08-2023,09-08-2023,3101.74,3101.74,On Time
175,1027,11-07-2023,10-08-2023,09-08-2023,1977.36,1977.36,On Time
176,1065,11-07-2023,10-08-2023,09-08-2023,1451.77,1451.77,Late
177,1041,11-07-2023,10-08-2023,09-08-2023,1348.72,1348.72,Late
178,1044,11-07-2023,10-08-2023,09-08-2023,3876.31,3876.31,Late
179,1061,11-07-2023,10-08-2023,09-08-2023,2680.47,2680.47,Late
180,1056,11-07-2023,10-08-2023,09-08-2023,4621.44,4621.44,Late
181,1005,11-07-2023,10-08-2023,09-08-2023,3958.69,3958.69,Late
182,1027,11-07-2023,10-08-2023,09-08-2023,1765.04,1765.04,Late
183,1027,11-07-2023,10-08-2023,09-08-2023,3455.11,3455.11,On Time
184,1043,11-07-2023,10-08-2023,09-08-2023,2742.02,2742.02,Late
185,1083,11-07-2023,10-08-2023,09-08-2023,3309,3309,Late
186,1029,11-07-2023,10-08-2023,09-08-2023,3952.28,3952.28,Late
187,1061,11-07-2023,10-08-2023,09-08-2023,4224.78,4224.78,Late
188,1074,11-07-2023,10-08-2023,09-08-2023,4374.95,4374.95,Late
189,1091,11-07-2023,10-08-2023,09-08-2023,2015.9,2015.9,Late
190,1088,11-07-2023,10-08-2023,09-08-2023,1124.46,1124.46,On Time
191,1061,11-07-2023,10-08-2023,09-08-2023,3957.18,3957.18,Late
192,1096,11-07-2023,10-08-2023,09-08-2023,1425.37,1425.37,Late
193,1000,11-07-2023,10-08-2023,09-08-2023,2259.68,2259.68,Late
194,1026,11-07-2023,10-08-2023,09-08-2023,1015.27,1015.27,Late
195,1061,11-07-2023,10-08-2023,09-08-2023,3726.68,3726.68,Late
196,1076,11-07-2023,10-08-2023,09-08-2023,1668.53,1668.53,Late
197,1002,11-07-2023,10-08-2023,09-08-2023,3621.13,3621.13,Late
198,1069,11-07-2023,10-08-2023,09-08-2023,4966.97,4966.97,On Time
199,1071,11-07-2023,10-08-2023,09-08-2023,1290.68,1290.68,Late
200,1026,11-07-2023,10-08-2023,09-08-2023,1308.31,1308.31,Late
201,1008,11-07-2023,10-08-2023,09-08-2023,2361.52,2361.52,On Time
202,1061,11-07-2023,10-08-2023,09-08-2023,4465.55,4465.55,Late
203,1036,11-07-2023,10-08-2023,09-08-2023,1862.12,1862.12,On Time
204,1096,11-07-2023,10-08-2023,09-08-2023,2441.51,2441.51,Late
205,1050,11-07-2023,10-08-2023,09-08-2023,1274.02,1274.02,Late
206,1043,11-07-2023,10-08-2023,09-08-2023,4052.62,4052.62,On Time
207,1023,11-07-2023,10-08-2023,09-08-2023,2633.23,2633.23,Late
208,1078,11-07-2023,10-08-2023,09-08-2023,4036.99,4036.99,Late
209,1058,11-07-2023,10-08-2023,09-08-2023,4614.43,4614.43,Late
210,1031,11-07-2023,10-08-2023,09-08-2023,1931.05,1931.05,Late
211,1095,11-07-2023,10-08-2023,09-08-2023,4229.58,4229.58,On Time
212,1087,11-07-2023,10-08-2023,09-08-2023,1236.38,1236.38,Late
213,1051,11-07-2023,10-08-2023,09-08-2023,4595.39,4595.39,Late
214,1061,11-07-2023,10-08-2023,09-08-2023,3603.07,3603.07,On Time
215,1057,11-07-2023,10-08-2023,09-08-2023,4496.91,4496.91,Late
216,1051,11-07-2023,10-08-2023,09-08-2023,1000.75,1000.75,Late
217,1011,11-07-2023,10-08-2023,09-08-2023,1676.32,1676.32,Late
218,1038,11-07-2023,10-08-2023,09-08-2023,2559.04,2559.04,Late
219,1001,11-07-2023,10-08-2023,09-08-2023,2518.01,2518.01,On Time
220,1002,11-07-2023,10-08-2023,09-08-2023,1906.92,1906.92,On Time
221,1055,11-07-2023,10-08-2023,09-08-2023,2526.45,2526.45,Late
222,1080,11-07-2023,10-08-2023,09-08-2023,1515.39,1515.39,Late
223,1058,11-07-2023,10-08-2023,09-08-2023,2651.04,2651.04,Late
224,1001,11-07-2023,10-08-2023,09-08-2023,4209.42,4209.42,Late
225,1001,11-07-2023,10-08-2023,09-08-2023,2916.28,2916.28,On Time
226,1091,11-07-2023,10-08-2023,09-08-2023,1072,1072,On Time
227,1053,11-07-2023,10-08-2023,09-08-2023,2685.78,2685.78,Late
228,1086,11-07-2023,10-08-2023,09-08-2023,1108.7,1108.7,On Time
229,1095,11-07-2023,10-08-2023,09-08-2023,4864.97,4864.97,Late
230,1096,11-07-2023,10-08-2023,09-08-2023,1509.82,1509.82,Late
231,1000,11-07-2023,10-08-2023,09-08-2023,3830.75,3830.75,On Time
232,1018,11-07-2023,10-08-2023,09-08-2023,4891.11,4891.11,Late
233,1001,11-07-2023,10-08-2023,09-08-2023,4304.16,4304.16,Late
234,1052,11-07-2023,10-08-2023,09-08-2023,3797.26,3797.26,Late
235,1043,11-07-2023,10-08-2023,09-08-2023,4357.84,4357.84,Late
236,1089,11-07-2023,10-08-2023,09-08-2023,4927.19,4927.19,On Time
237,1031,11-07-2023,10-08-2023,09-08-2023,3485.38,3485.38,Late
238,1069,11-07-2023,10-08-2023,09-08-2023,3236.74,3236.74,Late
239,1031,11-07-2023,10-08-2023,09-08-2023,3512.95,3512.95,Late
240,1067,11-07-2023,10-08-2023,09-08-2023,3130.7,3130.7,Late
241,1054,11-07-2023,10-08-2023,09-08-2023,3540.36,3540.36,Late
242,1074,11-07-2023,10-08-2023,09-08-2023,2799.37,2799.37,Late
243,1055,11-07-2023,10-08-2023,09-08-2023,1873.77,1873.77,Late
244,1016,11-07-2023,10-08-2023,09-08-2023,1480.99,1480.99,Late
245,1037,11-07-2023,10-08-2023,09-08-2023,1273.36,1273.36,Late
246,1023,11-07-2023,10-08-2023,09-08-2023,2053.26,2053.26,Late
247,1068,11-07-2023,10-08-2023,09-08-2023,1184.49,1184.49,Late
248,1097,11-07-2023,10-08-2023,09-08-2023,3268.68,3268.68,Late
249,1069,11-07-2023,10-08-2023,09-08-2023,2135.31,2135.31,Late
250,1085,11-07-2023,10-08-2023,09-08-2023,4298.14,4298.14,Late
251,1010,11-07-2023,10-08-2023,09-08-2023,1296.96,1296.96,On Time
252,1015,11-07-2023,10-08-2023,09-08-2023,1905.41,1905.41,Late
253,1096,11-07-2023,10-08-2023,09-08-2023,3920.98,3920.98,Late
254,1072,11-07-2023,10-08-2023,09-08-2023,3395.23,3395.23,Late
255,1058,11-07-2023,10-08-2023,09-08-2023,1257.97,1257.97,On Time
256,1069,11-07-2023,10-08-2023,09-08-2023,4508.96,4508.96,Late
257,1079,11-07-2023,10-08-2023,09-08-2023,4509.05,4509.05,Late
258,1092,11-07-2023,10-08-2023,09-08-2023,2321.63,2321.63,Late
259,1002,11-07-2023,10-08-2023,09-08-2023,2361.62,2361.62,Late
260,1019,11-07-2023,10-08-2023,09-08-2023,4956.11,4956.11,On Time
261,1058,11-07-2023,10-08-2023,09-08-2023,3504.7,3504.7,Late
262,1035,11-07-2023,10-08-2023,09-08-2023,3125.27,3125.27,On Time
263,1018,11-07-2023,10-08-2023,09-08-2023,4352.61,4352.61,Late
264,1089,11-07-2023,10-08-2023,09-08-2023,2141.16,2141.16,Late
265,1066,11-07-2023,10-08-2023,09-08-2023,2716.73,2716.73,Late
266,1018,11-07-2023,10-08-2023,09-08-2023,2071.11,2071.11,Late
267,1019,11-07-2023,10-08-2023,09-08-2023,4156.64,4156.64,Late
268,1095,11-07-2023,10-08-2023,09-08-2023,3293.4,3293.4,On Time
269,1070,11-07-2023,10-08-2023,09-08-2023,3635.3,3635.3,Late
270,1051,11-07-2023,10-08-2023,09-08-2023,2009.23,2009.23,Late
271,1032,11-07-2023,10-08-2023,09-08-2023,1880.9,1880.9,Late
272,1039,11-07-2023,10-08-2023,09-08-2023,2953.5,2953.5,On Time
273,1038,11-07-2023,10-08-2023,09-08-2023,3950.26,3950.26,Late
274,1081,11-07-2023,10-08-2023,09-08-2023,3100.96,3100.96,On Time
275,1000,11-07-2023,10-08-2023,09-08-2023,1130.58,1130.58,Late
276,1010,11-07-2023,10-08-2023,09-08-2023,4474.21,4474.21,Late
277,1091,11-07-2023,10-08-2023,09-08-2023,1258.75,1258.75,On Time
278,1056,11-07-2023,10-08-2023,09-08-2023,4823.3,4823.3,Late
279,1088,11-07-2023,10-08-2023,09-08-2023,1100.57,1100.57,Late
280,1049,11-07-2023,10-08-2023,09-08-2023,3777.8,3777.8,Late
281,1022,11-07-2023,10-08-2023,09-08-2023,1328.83,1328.83,Late
282,1030,11-07-2023,10-08-2023,09-08-2023,4642.71,4642.71,Late
283,1093,11-07-2023,10-08-2023,09-08-2023,2857.73,2857.73,Late
284,1041,11-07-2023,10-08-2023,09-08-2023,1550.1,1550.1,Late
285,1098,11-07-2023,10-08-2023,09-08-2023,2363.26,2363.26,Late
286,1006,11-07-2023,10-08-2023,09-08-2023,1659.3,1659.3,Late
287,1015,11-07-2023,10-08-2023,09-08-2023,1682.33,1682.33,Late
288,1089,11-07-2023,10-08-2023,09-08-2023,4792.43,4792.43,Late
289,1059,11-07-2023,10-08-2023,09-08-2023,2780.98,2780.98,Late
290,1001,11-07-2023,10-08-2023,09-08-2023,4155.21,4155.21,Late
291,1000,11-07-2023,10-08-2023,09-08-2023,3558.42,3558.42,Late
292,1047,11-07-2023,10-08-2023,09-08-2023,3705.71,3705.71,On Time
293,1011,11-07-2023,10-08-2023,09-08-2023,1526.77,1526.77,Late
294,1068,11-07-2023,10-08-2023,09-08-2023,1936.74,1936.74,On Time
295,1036,11-07-2023,10-08-2023,09-08-2023,4147,4147,Late
296,1031,11-07-2023,10-08-2023,09-08-2023,4883.06,4883.06,Late
297,1008,11-07-2023,10-08-2023,09-08-2023,2050.7,2050.7,Late
298,1098,11-07-2023,10-08-2023,09-08-2023,2086.28,2086.28,On Time
299,1018,11-07-2023,10-08-2023,09-08-2023,2891.59,2891.59,Late
300,1047,11-07-2023,10-08-2023,09-08-2023,4935.36,4935.36,Late
301,1079,11-07-2023,10-08-2023,09-08-2023,2075.84,2075.84,Late
302,1002,11-07-2023,10-08-2023,09-08-2023,2627.89,2627.89,Late
303,1019,11-07-2023,10-08-2023,09-08-2023,4565.92,4565.92,Late
304,1023,11-07-2023,10-08-2023,09-08-2023,1011.68,1011.68,Late
305,1053,11-07-2023,10-08-2023,09-08-2023,1159.06,1159.06,Late
306,1032,11-07-2023,10-08-2023,09-08-2023,3416.29,3416.29,Late
307,1023,11-07-2023,10-08-2023,09-08-2023,4629.52,4629.52,Late
308,1074,11-07-2023,10-08-2023,09-08-2023,1955.43,1955.43,Late
309,1071,11-07-2023,10-08-2023,09-08-2023,2878.57,2878.57,Late
310,1035,11-07-2023,10-08-2023,09-08-2023,2801.86,2801.86,Late
311,1037,11-07-2023,10-08-2023,09-08-2023,2891.89,2891.89,Late
312,1083,11-07-2023,10-08-2023,09-08-2023,3490.08,3490.08,Late
313,1098,11-07-2023,10-08-2023,09-08-2023,2878.98,2878.98,Late
314,1088,11-07-2023,10-08-2023,09-08-2023,2789.87,2789.87,Late
315,1098,11-07-2023,10-08-2023,09-08-2023,2897.15,2897.15,Late
316,1024,11-07-2023,10-08-2023,09-08-2023,3363.47,3363.47,Late
317,1092,11-07-2023,10-08-2023,09-08-2023,3148.03,3148.03,Late
318,1017,11-07-2023,10-08-2023,09-08-2023,4416.54,4416.54,Late
319,1081,11-07-2023,10-08-2023,09-08-2023,1197.99,1197.99,Late
320,1065,11-07-2023,10-08-2023,09-08-2023,4333.27,4333.27,Late
321,1053,11-07-2023,10-08-2023,09-08-2023,4375.7,4375.7,Late
322,1034,11-07-2023,10-08-2023,09-08-2023,2139.63,2139.63,Late
323,1079,11-07-2023,10-08-2023,09-08-2023,2851.41,2851.41,Late
324,1060,11-07-2023,10-08-2023,09-08-2023,2754.15,2754.15,On Time
325,1040,11-07-2023,10-08-2023,09-08-2023,1874.04,1874.04,On Time
326,1099,11-07-2023,10-08-2023,09-08-2023,2587.19,2587.19,Late
327,1032,11-07-2023,10-08-2023,09-08-2023,1177.55,1177.55,Late
328,1067,11-07-2023,10-08-2023,09-08-2023,2111.29,2111.29,Late
329,1032,11-07-2023,10-08-2023,09-08-2023,4266.73,4266.73,On Time
330,1013,11-07-2023,10-08-2023,09-08-2023,2138.25,2138.25,Late
331,1020,11-07-2023,10-08-2023,09-08-2023,4272.83,4272.83,Late
332,1047,11-07-2023,10-08-2023,09-08-2023,3126.4,3126.4,Late
333,1019,11-07-2023,10-08-2023,09-08-2023,4519.45,4519.45,Late
334,1007,11-07-2023,10-08-2023,09-08-2023,3299.12,3299.12,Late
335,1006,11-07-2023,10-08-2023,09-08-2023,1118.67,1118.67,On Time
336,1066,11-07-2023,10-08-2023,09-08-2023,3701.68,3701.68,Late
337,1016,11-07-2023,10-08-2023,09-08-2023,1179.41,1179.41,On Time
338,1032,11-07-2023,10-08-2023,09-08-2023,2802.39,2802.39,Late
339,1047,11-07-2023,10-08-2023,09-08-2023,4717.71,4717.71,Late
340,1075,11-07-2023,10-08-2023,09-08-2023,1660.82,1660.82,On Time
341,1058,11-07-2023,10-08-2023,09-08-2023,2559.49,2559.49,Late
342,1085,11-07-2023,10-08-2023,09-08-2023,3919.44,3919.44,Late
343,1021,11-07-2023,10-08-2023,09-08-2023,4529.03,4529.03,On Time
344,1029,11-07-2023,10-08-2023,09-08-2023,3683.77,3683.77,Late
345,1037,11-07-2023,10-08-2023,09-08-2023,2032.69,2032.69,On Time
346,1050,11-07-2023,10-08-2023,09-08-2023,3698.43,3698.43,On Time
347,1053,11-07-2023,10-08-2023,09-08-2023,2186.91,2186.91,Late
348,1007,11-07-2023,10-08-2023,09-08-2023,3873.72,3873.72,Late
349,1026,11-07-2023,10-08-2023,09-08-2023,4816.13,4816.13,Late
350,1026,11-07-2023,10-08-2023,09-08-2023,3885.57,3885.57,Late
351,1097,11-07-2023,10-08-2023,09-08-2023,4451.52,4451.52,Late
352,1020,11-07-2023,10-08-2023,09-08-2023,1008.42,1008.42,On Time
353,1029,11-07-2023,10-08-2023,09-08-2023,3870.29,3870.29,Late
354,1096,11-07-2023,10-08-2023,09-08-2023,4318.35,4318.35,On Time
355,1027,11-07-2023,10-08-2023,09-08-2023,1162.23,1162.23,Late
356,1063,11-07-2023,10-08-2023,09-08-2023,4486.39,4486.39,Late
357,1096,11-07-2023,10-08-2023,09-08-2023,2026.78,2026.78,Late
358,1068,11-07-2023,10-08-2023,09-08-2023,3661.17,3661.17,Late
359,1060,11-07-2023,10-08-2023,09-08-2023,4201.42,4201.42,Late
360,1047,11-07-2023,10-08-2023,09-08-2023,3650.66,3650.66,Late
361,1018,11-07-2023,10-08-2023,09-08-2023,1369.14,1369.14,Late
362,1003,11-07-2023,10-08-2023,09-08-2023,3385.29,3385.29,Late
363,1034,11-07-2023,10-08-2023,09-08-2023,3198.33,3198.33,On Time
364,1063,11-07-2023,10-08-2023,09-08-2023,4601.29,4601.29,On Time
365,1048,11-07-2023,10-08-2023,09-08-2023,2616.96,2616.96,Late
366,1016,11-07-2023,10-08-2023,09-08-2023,2284.32,2284.32,Late
367,1043,11-07-2023,10-08-2023,09-08-2023,3999.4,3999.4,Late
368,1091,11-07-2023,10-08-2023,09-08-2023,2650.7,2650.7,On Time
369,1029,11-07-2023,10-08-2023,09-08-2023,3584.38,3584.38,Late
370,1092,11-07-2023,10-08-2023,09-08-2023,3585.8,3585.8,Late
371,1045,11-07-2023,10-08-2023,09-08-2023,4552.16,4552.16,Late
372,1005,11-07-2023,10-08-2023,09-08-2023,3394.77,3394.77,Late
373,1098,11-07-2023,10-08-2023,09-08-2023,3008.61,3008.61,Late
374,1036,11-07-2023,10-08-2023,09-08-2023,1555.49,1555.49,Late
375,1023,11-07-2023,10-08-2023,09-08-2023,1462.95,1462.95,Late
376,1092,11-07-2023,10-08-2023,09-08-2023,1617.29,1617.29,Late
377,1045,11-07-2023,10-08-2023,09-08-2023,1687.39,1687.39,Late
378,1052,11-07-2023,10-08-2023,09-08-2023,3551.51,3551.51,Late
379,1094,11-07-2023,10-08-2023,09-08-2023,3963.93,3963.93,On Time
380,1098,11-07-2023,10-08-2023,09-08-2023,3119.97,3119.97,Late
381,1059,11-07-2023,10-08-2023,09-08-2023,4316.07,4316.07,On Time
382,1096,11-07-2023,10-08-2023,09-08-2023,4965.05,4965.05,Late
383,1062,11-07-2023,10-08-2023,09-08-2023,4280.05,4280.05,Late
384,1084,11-07-2023,10-08-2023,09-08-2023,3779.53,3779.53,Late
385,1031,11-07-2023,10-08-2023,09-08-2023,3129.97,3129.97,Late
386,1086,11-07-2023,10-08-2023,09-08-2023,2795.41,2795.41,On Time
387,1032,11-07-2023,10-08-2023,09-08-2023,1337.57,1337.57,Late
388,1066,11-07-2023,10-08-2023,09-08-2023,2597.47,2597.47,On Time
389,1017,11-07-2023,10-08-2023,09-08-2023,4640.54,4640.54,On Time
390,1024,11-07-2023,10-08-2023,09-08-2023,4232.09,4232.09,On Time
391,1094,11-07-2023,10-08-2023,09-08-2023,1864.21,1864.21,On Time
392,1053,11-07-2023,10-08-2023,09-08-2023,2866.43,2866.43,Late
393,1057,11-07-2023,10-08-2023,09-08-2023,4266.89,4266.89,Late
394,1066,11-07-2023,10-08-2023,09-08-2023,1269.54,1269.54,On Time
395,1045,11-07-2023,10-08-2023,09-08-2023,2549.57,2549.57,On Time
396,1023,11-07-2023,10-08-2023,09-08-2023,4407.36,4407.36,Late
397,1031,11-07-2023,10-08-2023,09-08-2023,2615.59,2615.59,Late
398,1046,11-07-2023,10-08-2023,09-08-2023,1310.46,1310.46,On Time
399,1085,11-07-2023,10-08-2023,09-08-2023,3170.14,3170.14,Late
400,1022,11-07-2023,10-08-2023,09-08-2023,4446.97,4446.97,Late
401,1065,11-07-2023,10-08-2023,09-08-2023,3361.14,3361.14,On Time
402,1026,11-07-2023,10-08-2023,09-08-2023,1905.12,1905.12,On Time
403,1001,11-07-2023,10-08-2023,09-08-2023,2536.96,2536.96,Late
404,1089,11-07-2023,10-08-2023,09-08-2023,2800.49,2800.49,Late
405,1016,11-07-2023,10-08-2023,09-08-2023,3317.07,3317.07,Late
406,1032,11-07-2023,10-08-2023,09-08-2023,4037.4,4037.4,On Time
407,1008,11-07-2023,10-08-2023,09-08-2023,1395.49,1395.49,Late
408,1042,11-07-2023,10-08-2023,09-08-2023,4558.61,4558.61,Late
409,1047,11-07-2023,10-08-2023,09-08-2023,1049.24,1049.24,On Time
410,1038,11-07-2023,10-08-2023,09-08-2023,2480.21,2480.21,Late
411,1092,11-07-2023,10-08-2023,09-08-2023,1109.68,1109.68,Late
412,1041,11-07-2023,10-08-2023,09-08-2023,2571.9,2571.9,Late
413,1025,11-07-2023,10-08-2023,09-08-2023,3103.25,3103.25,On Time
414,1098,11-07-2023,10-08-2023,09-08-2023,3046.73,3046.73,Late
415,1049,11-07-2023,10-08-2023,09-08-2023,1662.51,1662.51,On Time
416,1024,11-07-2023,10-08-2023,09-08-2023,3582.96,3582.96,On Time
417,1023,11-07-2023,10-08-2023,09-08-2023,1179.11,1179.11,Late
418,1012,11-07-2023,10-08-2023,09-08-2023,4047.63,4047.63,Late
419,1059,11-07-2023,10-08-2023,09-08-2023,4786.58,4786.58,On Time
420,1006,11-07-2023,10-08-2023,09-08-2023,2359.08,2359.08,On Time
421,1056,11-07-2023,10-08-2023,09-08-2023,3068.96,3068.96,Late
422,1035,11-07-2023,10-08-2023,09-08-2023,2515.64,2515.64,On Time
423,1044,11-07-2023,10-08-2023,09-08-2023,1026.84,1026.84,On Time
424,1019,11-07-2023,10-08-2023,09-08-2023,2543.5,2543.5,Late
425,1064,11-07-2023,10-08-2023,09-08-2023,4166.88,4166.88,Late
426,1007,11-07-2023,10-08-2023,09-08-2023,3383.96,3383.96,Late
427,1015,11-07-2023,10-08-2023,09-08-2023,1405.04,1405.04,Late
428,1013,11-07-2023,10-08-2023,09-08-2023,4388.56,4388.56,Late
429,1075,11-07-2023,10-08-2023,09-08-2023,3124.34,3124.34,Late
430,1086,11-07-2023,10-08-2023,09-08-2023,4366.89,4366.89,On Time
431,1014,11-07-2023,10-08-2023,09-08-2023,3320.89,3320.89,On Time
432,1091,11-07-2023,10-08-2023,09-08-2023,3238.75,3238.75,Late
433,1097,11-07-2023,10-08-2023,09-08-2023,1421.04,1421.04,Late
434,1065,11-07-2023,10-08-2023,09-08-2023,1669.44,1669.44,Late
435,1031,11-07-2023,10-08-2023,09-08-2023,4888.1,4888.1,Late
436,1086,11-07-2023,10-08-2023,09-08-2023,1913.95,1913.95,Late
437,1062,11-07-2023,10-08-2023,09-08-2023,4909.81,4909.81,Late
438,1085,11-07-2023,10-08-2023,09-08-2023,3127.65,3127.65,Late
439,1050,11-07-2023,10-08-2023,09-08-2023,1543.16,1543.16,Late
440,1024,11-07-2023,10-08-2023,09-08-2023,1397.21,1397.21,Late
441,1057,11-07-2023,10-08-2023,09-08-2023,1835.46,1835.46,Late
442,1062,11-07-2023,10-08-2023,09-08-2023,4702.55,4702.55,Late
443,1061,11-07-2023,10-08-2023,09-08-2023,2656.6,2656.6,Late
444,1021,11-07-2023,10-08-2023,09-08-2023,2581.74,2581.74,Late
445,1057,11-07-2023,10-08-2023,09-08-2023,2252.83,2252.83,Late
446,1057,11-07-2023,10-08-2023,09-08-2023,1588.25,1588.25,Late
447,1085,11-07-2023,10-08-2023,09-08-2023,2951.4,2951.4,On Time
448,1048,11-07-2023,10-08-2023,09-08-2023,1520.19,1520.19,Late
449,1051,11-07-2023,10-08-2023,09-08-2023,4341.92,4341.92,Late
450,1041,11-07-2023,10-08-2023,09-08-2023,2481.59,2481.59,Late
451,1069,11-07-2023,10-08-2023,09-08-2023,2499.21,2499.21,Late
452,1014,11-07-2023,10-08-2023,09-08-2023,2896.03,2896.03,Late
453,1053,11-07-2023,10-08-2023,09-08-2023,2776.51,2776.51,Late
454,1059,11-07-2023,10-08-2023,09-08-2023,4979.43,4979.43,On Time
455,1096,11-07-2023,10-08-2023,09-08-2023,3181.52,3181.52,Late
456,1007,11-07-2023,10-08-2023,09-08-2023,1352.81,1352.81,Late
457,1052,11-07-2023,10-08-2023,09-08-2023,3427.51,3427.51,Late
458,1059,11-07-2023,10-08-2023,09-08-2023,1606.34,1606.34,Late
459,1004,11-07-2023,10-08-2023,09-08-2023,1123.75,1123.75,On Time
460,1067,11-07-2023,10-08-2023,09-08-2023,4882.97,4882.97,Late
461,1005,11-07-2023,10-08-2023,09-08-2023,4094.16,4094.16,Late
462,1095,11-07-2023,10-08-2023,09-08-2023,4920.44,4920.44,Late
463,1093,11-07-2023,10-08-2023,09-08-2023,2911.51,2911.51,On Time
464,1046,11-07-2023,10-08-2023,09-08-2023,3129.03,3129.03,Late
465,1098,11-07-2023,10-08-2023,09-08-2023,1673.35,1673.35,Late
466,1054,11-07-2023,10-08-2023,09-08-2023,1987.63,1987.63,Late
467,1039,11-07-2023,10-08-2023,09-08-2023,4354.2,4354.2,Late
468,1051,11-07-2023,10-08-2023,09-08-2023,2424.74,2424.74,On Time
469,1015,11-07-2023,10-08-2023,09-08-2023,4307.26,4307.26,Late
470,1012,11-07-2023,10-08-2023,09-08-2023,3836.05,3836.05,Late
471,1029,11-07-2023,10-08-2023,09-08-2023,1708.68,1708.68,Late
472,1018,11-07-2023,10-08-2023,09-08-2023,3029.79,3029.79,On Time
473,1016,11-07-2023,10-08-2023,09-08-2023,3709.55,3709.55,Late
474,1062,11-07-2023,10-08-2023,09-08-2023,1940.15,1940.15,On Time
475,1018,11-07-2023,10-08-2023,09-08-2023,4322.75,4322.75,Late
476,1091,11-07-2023,10-08-2023,09-08-2023,3179.31,3179.31,On Time
477,1057,11-07-2023,10-08-2023,09-08-2023,1660.97,1660.97,On Time
478,1054,11-07-2023,10-08-2023,09-08-2023,3331.94,3331.94,Late
479,1089,11-07-2023,10-08-2023,09-08-2023,4998.86,4998.86,Late
480,1089,11-07-2023,10-08-2023,09-08-2023,1602.09,1602.09,Late
481,1061,11-07-2023,10-08-2023,09-08-2023,4267.03,4267.03,On Time
482,1022,11-07-2023,10-08-2023,09-08-2023,1829.24,1829.24,Late
483,1008,11-07-2023,10-08-2023,09-08-2023,4129.55,4129.55,Late
484,1011,11-07-2023,10-08-2023,09-08-2023,3938.31,3938.31,On Time
485,1000,11-07-2023,10-08-2023,09-08-2023,2201.96,2201.96,Late
486,1057,11-07-2023,10-08-2023,09-08-2023,2303.29,2303.29,Late
487,1000,11-07-2023,10-08-2023,09-08-2023,4170.09,4170.09,On Time
488,1033,11-07-2023,10-08-2023,09-08-2023,2845.78,2845.78,Late
489,1095,11-07-2023,10-08-2023,09-08-2023,3923.27,3923.27,On Time
490,1047,11-07-2023,10-08-2023,09-08-2023,1591.94,1591.94,Late
491,1088,11-07-2023,10-08-2023,09-08-2023,4410.23,4410.23,Late
492,1000,11-07-2023,10-08-2023,09-08-2023,3843.54,3843.54,Late
493,1015,11-07-2023,10-08-2023,09-08-2023,4627.77,4627.77,On Time
494,1060,11-07-2023,10-08-2023,09-08-2023,1529.49,1529.49,Late
495,1063,11-07-2023,10-08-2023,09-08-2023,3372.06,3372.06,Late
496,1062,11-07-2023,10-08-2023,09-08-2023,3396.48,3396.48,On Time
497,1068,11-07-2023,10-08-2023,09-08-2023,2413.84,2413.84,On Time
498,1021,11-07-2023,10-08-2023,09-08-2023,2833.87,2833.87,Late
499,1092,11-07-2023,10-08-2023,09-08-2023,1151.93,1151.93,Late
500,1066,11-07-2023,10-08-2023,09-08-2023,3983.44,3983.44,Late
501,1075,11-07-2023,10-08-2023,09-08-2023,3197.29,3197.29,Late
502,1025,11-07-2023,10-08-2023,09-08-2023,1230.96,1230.96,On Time
503,1015,11-07-2023,10-08-2023,09-08-2023,3723.02,3723.02,Late
504,1050,11-07-2023,10-08-2023,09-08-2023,2867.13,2867.13,Late
505,1085,11-07-2023,10-08-2023,09-08-2023,1137.85,1137.85,Late
506,1056,11-07-2023,10-08-2023,09-08-2023,4878.43,4878.43,Late
507,1028,11-07-2023,10-08-2023,09-08-2023,4796.45,4796.45,Late
508,1077,11-07-2023,10-08-2023,09-08-2023,3051.61,3051.61,Late
509,1091,11-07-2023,10-08-2023,09-08-2023,1374.69,1374.69,On Time
510,1068,11-07-2023,10-08-2023,09-08-2023,4018.48,4018.48,Late
511,1046,11-07-2023,10-08-2023,09-08-2023,2967.72,2967.72,Late
512,1093,11-07-2023,10-08-2023,09-08-2023,2209.79,2209.79,On Time
513,1061,11-07-2023,10-08-2023,09-08-2023,2965.67,2965.67,Late
514,1068,11-07-2023,10-08-2023,09-08-2023,3089.78,3089.78,Late
515,1075,11-07-2023,10-08-2023,09-08-2023,3250.85,3250.85,Late
516,1015,11-07-2023,10-08-2023,09-08-2023,2764.89,2764.89,On Time
517,1089,11-07-2023,10-08-2023,09-08-2023,3423.02,3423.02,On Time
518,1089,11-07-2023,10-08-2023,09-08-2023,4674.94,4674.94,Late
519,1047,11-07-2023,10-08-2023,09-08-2023,2449.07,2449.07,Late
520,1084,11-07-2023,10-08-2023,09-08-2023,3902.87,3902.87,Late
521,1038,11-07-2023,10-08-2023,09-08-2023,4577.81,4577.81,Late
522,1099,11-07-2023,10-08-2023,09-08-2023,2823.92,2823.92,Late
523,1032,11-07-2023,10-08-2023,09-08-2023,2773.82,2773.82,Late
524,1093,11-07-2023,10-08-2023,09-08-2023,3408.47,3408.47,Late
525,1022,11-07-2023,10-08-2023,09-08-2023,3365.63,3365.63,On Time
526,1009,11-07-2023,10-08-2023,09-08-2023,4226.36,4226.36,On Time
527,1068,11-07-2023,10-08-2023,09-08-2023,2905.93,2905.93,On Time
528,1099,11-07-2023,10-08-2023,09-08-2023,4984.49,4984.49,On Time
529,1033,11-07-2023,10-08-2023,09-08-2023,1237.89,1237.89,Late
530,1051,11-07-2023,10-08-2023,09-08-2023,1012.67,1012.67,Late
531,1094,11-07-2023,10-08-2023,09-08-2023,3560.79,3560.79,Late
532,1009,11-07-2023,10-08-2023,09-08-2023,2193.74,2193.74,Late
533,1018,11-07-2023,10-08-2023,09-08-2023,1961.53,1961.53,Late
534,1057,11-07-2023,10-08-2023,09-08-2023,2247.6,2247.6,Late
535,1095,11-07-2023,10-08-2023,09-08-2023,2024.19,2024.19,On Time
536,1000,11-07-2023,10-08-2023,09-08-2023,1123.16,1123.16,Late
537,1068,11-07-2023,10-08-2023,09-08-2023,4886.13,4886.13,Late
538,1003,11-07-2023,10-08-2023,09-08-2023,1882.98,1882.98,On Time
539,1015,11-07-2023,10-08-2023,09-08-2023,3936.12,3936.12,On Time
540,1023,11-07-2023,10-08-2023,09-08-2023,4050.39,4050.39,Late
541,1079,11-07-2023,10-08-2023,09-08-2023,4717.03,4717.03,On Time
542,1001,11-07-2023,10-08-2023,09-08-2023,1122.2,1122.2,Late
543,1091,11-07-2023,10-08-2023,09-08-2023,4488.19,4488.19,Late
544,1031,11-07-2023,10-08-2023,09-08-2023,3108.9,3108.9,Late
545,1090,11-07-2023,10-08-2023,09-08-2023,3530.18,3530.18,Late
546,1083,11-07-2023,10-08-2023,09-08-2023,3577.88,3577.88,Late
547,1023,11-07-2023,10-08-2023,09-08-2023,4279.19,4279.19,On Time
548,1011,11-07-2023,10-08-2023,09-08-2023,2333.63,2333.63,On Time
549,1049,11-07-2023,10-08-2023,09-08-2023,3932.2,3932.2,Late
550,1034,11-07-2023,10-08-2023,09-08-2023,3114.31,3114.31,On Time
551,1032,11-07-2023,10-08-2023,09-08-2023,4173.58,4173.58,Late
552,1032,11-07-2023,10-08-2023,09-08-2023,4962.18,4962.18,Late
553,1060,11-07-2023,10-08-2023,09-08-2023,1802.6,1802.6,Late
554,1050,11-07-2023,10-08-2023,09-08-2023,4978.59,4978.59,On Time
555,1042,11-07-2023,10-08-2023,09-08-2023,1359.25,1359.25,Late
556,1011,11-07-2023,10-08-2023,09-08-2023,1009.27,1009.27,Late
557,1066,11-07-2023,10-08-2023,09-08-2023,1176.65,1176.65,On Time
558,1064,11-07-2023,10-08-2023,09-08-2023,2367.13,2367.13,On Time
559,1032,11-07-2023,10-08-2023,09-08-2023,3531.63,3531.63,Late
560,1039,11-07-2023,10-08-2023,09-08-2023,1276.12,1276.12,Late
561,1073,11-07-2023,10-08-2023,09-08-2023,1022.66,1022.66,On Time
562,1042,11-07-2023,10-08-2023,09-08-2023,4748.36,4748.36,Late
563,1043,11-07-2023,10-08-2023,09-08-2023,4287.71,4287.71,Late
564,1028,11-07-2023,10-08-2023,09-08-2023,4236.73,4236.73,Late
565,1012,11-07-2023,10-08-2023,09-08-2023,4537.7,4537.7,Late
566,1011,11-07-2023,10-08-2023,09-08-2023,3800.14,3800.14,Late
567,1094,11-07-2023,10-08-2023,09-08-2023,1417.62,1417.62,Late
568,1045,11-07-2023,10-08-2023,09-08-2023,2596.4,2596.4,On Time
569,1001,11-07-2023,10-08-2023,09-08-2023,3892.6,3892.6,Late
570,1034,11-07-2023,10-08-2023,09-08-2023,2121.34,2121.34,On Time
571,1086,11-07-2023,10-08-2023,09-08-2023,3749.63,3749.63,Late
572,1080,11-07-2023,10-08-2023,09-08-2023,1097.99,1097.99,Late
573,1089,11-07-2023,10-08-2023,09-08-2023,2224.55,2224.55,Late
574,1007,11-07-2023,10-08-2023,09-08-2023,3196.52,3196.52,On Time
575,1092,11-07-2023,10-08-2023,09-08-2023,3528.36,3528.36,Late
576,1025,11-07-2023,10-08-2023,09-08-2023,3308.16,3308.16,On Time
577,1073,11-07-2023,10-08-2023,09-08-2023,3791.03,3791.03,Late
578,1089,11-07-2023,10-08-2023,09-08-2023,1024.35,1024.35,Late
579,1033,11-07-2023,10-08-2023,09-08-2023,1403.76,1403.76,On Time
580,1006,11-07-2023,10-08-2023,09-08-2023,4475.78,4475.78,Late
581,1067,11-07-2023,10-08-2023,09-08-2023,3726.99,3726.99,Late
582,1057,11-07-2023,10-08-2023,09-08-2023,1451.73,1451.73,Late
583,1074,11-07-2023,10-08-2023,09-08-2023,4368.3,4368.3,Late
584,1028,11-07-2023,10-08-2023,09-08-2023,1968.92,1968.92,Late
585,1035,11-07-2023,10-08-2023,09-08-2023,2913.04,2913.04,Late
586,1088,11-07-2023,10-08-2023,09-08-2023,1580.79,1580.79,Late
587,1020,11-07-2023,10-08-2023,09-08-2023,3840.44,3840.44,Late
588,1035,11-07-2023,10-08-2023,09-08-2023,3667.42,3667.42,On Time
589,1009,11-07-2023,10-08-2023,09-08-2023,1844.45,1844.45,Late
590,1072,11-07-2023,10-08-2023,09-08-2023,4453.6,4453.6,Late
591,1023,11-07-2023,10-08-2023,09-08-2023,2605.22,2605.22,Late
592,1063,11-07-2023,10-08-2023,09-08-2023,2170.06,2170.06,Late
593,1098,11-07-2023,10-08-2023,09-08-2023,1609.32,1609.32,Late
594,1048,11-07-2023,10-08-2023,09-08-2023,2064.67,2064.67,Late
595,1098,11-07-2023,10-08-2023,09-08-2023,1088.11,1088.11,Late
596,1035,11-07-2023,10-08-2023,09-08-2023,3333.03,3333.03,On Time
597,1081,11-07-2023,10-08-2023,09-08-2023,4368.92,4368.92,On Time
598,1095,11-07-2023,10-08-2023,09-08-2023,3195.92,3195.92,On Time
599,1023,11-07-2023,10-08-2023,09-08-2023,1877.1,1877.1,Late
600,1022,11-07-2023,10-08-2023,09-08-2023,1134.68,1134.68,Late
601,1061,11-07-2023,10-08-2023,09-08-2023,1858.51,1858.51,Late
602,1095,11-07-2023,10-08-2023,09-08-2023,2664.49,2664.49,On Time
603,1036,11-07-2023,10-08-2023,09-08-2023,4038.45,4038.45,Late
604,1011,11-07-2023,10-08-2023,09-08-2023,1751.37,1751.37,Late
605,1054,11-07-2023,10-08-2023,09-08-2023,3879.17,3879.17,Late
606,1012,11-07-2023,10-08-2023,09-08-2023,4467.73,4467.73,On Time
607,1022,11-07-2023,10-08-2023,09-08-2023,2815.79,2815.79,On Time
608,1088,11-07-2023,10-08-2023,09-08-2023,4285.73,4285.73,Late
609,1098,11-07-2023,10-08-2023,09-08-2023,3218.63,3218.63,Late
610,1029,11-07-2023,10-08-2023,09-08-2023,3548.36,3548.36,On Time
611,1016,11-07-2023,10-08-2023,09-08-2023,3105.11,3105.11,Late
612,1061,11-07-2023,10-08-2023,09-08-2023,2852.69,2852.69,On Time
613,1083,11-07-2023,10-08-2023,09-08-2023,1938.61,1938.61,Late
614,1088,11-07-2023,10-08-2023,09-08-2023,2212.78,2212.78,Late
615,1085,11-07-2023,10-08-2023,09-08-2023,2159.88,2159.88,Late
616,1012,11-07-2023,10-08-2023,09-08-2023,3253.16,3253.16,Late
617,1058,11-07-2023,10-08-2023,09-08-2023,1479.81,1479.81,On Time
618,1018,11-07-2023,10-08-2023,09-08-2023,4667.17,4667.17,Late
619,1048,11-07-2023,10-08-2023,09-08-2023,3882.62,3882.62,On Time
620,1099,11-07-2023,10-08-2023,09-08-2023,2605.78,2605.78,Late
621,1011,11-07-2023,10-08-2023,09-08-2023,1634.5,1634.5,On Time
622,1060,11-07-2023,10-08-2023,09-08-2023,4527.97,4527.97,Late
623,1018,11-07-2023,10-08-2023,09-08-2023,4295.11,4295.11,Late
624,1075,11-07-2023,10-08-2023,09-08-2023,3886.89,3886.89,On Time
625,1008,11-07-2023,10-08-2023,09-08-2023,2086.19,2086.19,Late
626,1070,11-07-2023,10-08-2023,09-08-2023,2609.79,2609.79,Late
627,1027,11-07-2023,10-08-2023,09-08-2023,1410.99,1410.99,Late
628,1077,11-07-2023,10-08-2023,09-08-2023,1756.16,1756.16,Late
629,1094,11-07-2023,10-08-2023,09-08-2023,4132.07,4132.07,Late
630,1051,11-07-2023,10-08-2023,09-08-2023,3860.15,3860.15,Late
631,1082,11-07-2023,10-08-2023,09-08-2023,3373.94,3373.94,Late
632,1015,11-07-2023,10-08-2023,09-08-2023,4582.91,4582.91,On Time
633,1068,11-07-2023,10-08-2023,09-08-2023,3333.07,3333.07,On Time
634,1098,11-07-2023,10-08-2023,09-08-2023,2867.87,2867.87,Late
635,1011,11-07-2023,10-08-2023,09-08-2023,2361.48,2361.48,Late
636,1024,11-07-2023,10-08-2023,09-08-2023,4761.79,4761.79,Late
637,1051,11-07-2023,10-08-2023,09-08-2023,1330.86,1330.86,Late
638,1084,11-07-2023,10-08-2023,09-08-2023,4723.55,4723.55,Late
639,1099,11-07-2023,10-08-2023,09-08-2023,4306.86,4306.86,Late
640,1052,11-07-2023,10-08-2023,09-08-2023,1519.72,1519.72,Late
641,1022,11-07-2023,10-08-2023,09-08-2023,3259.94,3259.94,Late
642,1015,11-07-2023,10-08-2023,09-08-2023,4466.19,4466.19,On Time
643,1056,11-07-2023,10-08-2023,09-08-2023,3287.24,3287.24,Late
644,1038,11-07-2023,10-08-2023,09-08-2023,4628.8,4628.8,On Time
645,1052,11-07-2023,10-08-2023,09-08-2023,4771.94,4771.94,Late
646,1041,11-07-2023,10-08-2023,09-08-2023,2689.54,2689.54,On Time
647,1057,11-07-2023,10-08-2023,09-08-2023,2509.25,2509.25,Late
648,1038,11-07-2023,10-08-2023,09-08-2023,4745.28,4745.28,Late
649,1013,11-07-2023,10-08-2023,09-08-2023,3700.56,3700.56,Late
650,1094,11-07-2023,10-08-2023,09-08-2023,1464.09,1464.09,Late
651,1004,11-07-2023,10-08-2023,09-08-2023,1169.17,1169.17,Late
652,1034,11-07-2023,10-08-2023,09-08-2023,3258.52,3258.52,Late
653,1086,11-07-2023,10-08-2023,09-08-2023,4720.68,4720.68,Late
654,1092,11-07-2023,10-08-2023,09-08-2023,4376.99,4376.99,On Time
655,1074,11-07-2023,10-08-2023,09-08-2023,3703.39,3703.39,On Time
656,1017,11-07-2023,10-08-2023,09-08-2023,1556.46,1556.46,Late
657,1075,11-07-2023,10-08-2023,09-08-2023,2016.93,2016.93,Late
658,1008,11-07-2023,10-08-2023,09-08-2023,4502.04,4502.04,Late
659,1073,11-07-2023,10-08-2023,09-08-2023,1731.23,1731.23,Late
660,1057,11-07-2023,10-08-2023,09-08-2023,2113.76,2113.76,On Time
661,1016,11-07-2023,10-08-2023,09-08-2023,1518.4,1518.4,Late
662,1006,11-07-2023,10-08-2023,09-08-2023,3704.43,3704.43,Late
663,1045,11-07-2023,10-08-2023,09-08-2023,4775.93,4775.93,On Time
664,1012,11-07-2023,10-08-2023,09-08-2023,2075.87,2075.87,Late
665,1039,11-07-2023,10-08-2023,09-08-2023,2901.63,2901.63,Late
666,1041,11-07-2023,10-08-2023,09-08-2023,3537.36,3537.36,Late
667,1008,11-07-2023,10-08-2023,09-08-2023,4997.86,4997.86,Late
668,1049,11-07-2023,10-08-2023,09-08-2023,1419.23,1419.23,Late
669,1026,11-07-2023,10-08-2023,09-08-2023,2994.28,2994.28,Late
670,1065,11-07-2023,10-08-2023,09-08-2023,2540.48,2540.48,Late
671,1004,11-07-2023,10-08-2023,09-08-2023,4463.28,4463.28,Late
672,1028,11-07-2023,10-08-2023,09-08-2023,2903.87,2903.87,Late
673,1036,11-07-2023,10-08-2023,09-08-2023,1443.91,1443.91,Late
674,1037,11-07-2023,10-08-2023,09-08-2023,3537.7,3537.7,On Time
675,1082,11-07-2023,10-08-2023,09-08-2023,4083.12,4083.12,On Time
676,1007,11-07-2023,10-08-2023,09-08-2023,1011.53,1011.53,Late
677,1064,11-07-2023,10-08-2023,09-08-2023,4435.83,4435.83,On Time
678,1085,11-07-2023,10-08-2023,09-08-2023,1744.09,1744.09,Late
679,1016,11-07-2023,10-08-2023,09-08-2023,3208.28,3208.28,Late
680,1070,11-07-2023,10-08-2023,09-08-2023,2663.19,2663.19,Late
681,1088,11-07-2023,10-08-2023,09-08-2023,3878.62,3878.62,Late
682,1044,11-07-2023,10-08-2023,09-08-2023,2484.65,2484.65,Late
683,1003,11-07-2023,10-08-2023,09-08-2023,4479.05,4479.05,Late
684,1035,11-07-2023,10-08-2023,09-08-2023,3921.99,3921.99,Late
685,1069,11-07-2023,10-08-2023,09-08-2023,3590.85,3590.85,On Time
686,1030,11-07-2023,10-08-2023,09-08-2023,4184.96,4184.96,Late
687,1018,11-07-2023,10-08-2023,09-08-2023,4016.09,4016.09,Late
688,1060,11-07-2023,10-08-2023,09-08-2023,1143.75,1143.75,Late
689,1053,11-07-2023,10-08-2023,09-08-2023,2578.94,2578.94,Late
690,1038,11-07-2023,10-08-2023,09-08-2023,4723.23,4723.23,Late
691,1090,11-07-2023,10-08-2023,09-08-2023,1502.9,1502.9,Late
692,1073,11-07-2023,10-08-2023,09-08-2023,3948.39,3948.39,Late
693,1089,11-07-2023,10-08-2023,09-08-2023,4898.37,4898.37,Late
694,1018,11-07-2023,10-08-2023,09-08-2023,1208.79,1208.79,Late
695,1038,11-07-2023,10-08-2023,09-08-2023,3728.78,3728.78,Late
696,1066,11-07-2023,10-08-2023,09-08-2023,2872.62,2872.62,On Time
697,1044,11-07-2023,10-08-2023,09-08-2023,3316.7,3316.7,Late
698,1012,11-07-2023,10-08-2023,09-08-2023,1341.37,1341.37,On Time
699,1091,11-07-2023,10-08-2023,09-08-2023,1172.03,1172.03,Late
700,1057,11-07-2023,10-08-2023,09-08-2023,3667.47,3667.47,On Time
701,1019,11-07-2023,10-08-2023,09-08-2023,4293.24,4293.24,Late
702,1091,11-07-2023,10-08-2023,09-08-2023,4128.06,4128.06,Late
703,1071,11-07-2023,10-08-2023,09-08-2023,3175.22,3175.22,Late
704,1060,11-07-2023,10-08-2023,09-08-2023,1399.47,1399.47,Late
705,1038,11-07-2023,10-08-2023,09-08-2023,3752.18,3752.18,Late
706,1000,11-07-2023,10-08-2023,09-08-2023,1967.56,1967.56,Late
707,1002,11-07-2023,10-08-2023,09-08-2023,4644.27,4644.27,On Time
708,1076,11-07-2023,10-08-2023,09-08-2023,4353.06,4353.06,Late
709,1091,11-07-2023,10-08-2023,09-08-2023,3837.53,3837.53,Late
710,1061,11-07-2023,10-08-2023,09-08-2023,4795.38,4795.38,Late
711,1062,11-07-2023,10-08-2023,09-08-2023,1125.69,1125.69,On Time
712,1024,11-07-2023,10-08-2023,09-08-2023,3944.8,3944.8,Late
713,1055,11-07-2023,10-08-2023,09-08-2023,2320.97,2320.97,Late
714,1032,11-07-2023,10-08-2023,09-08-2023,4624.26,4624.26,On Time
715,1037,11-07-2023,10-08-2023,09-08-2023,2066.7,2066.7,Late
716,1005,11-07-2023,10-08-2023,09-08-2023,3899.43,3899.43,Late
717,1057,11-07-2023,10-08-2023,09-08-2023,4510.59,4510.59,Late
718,1043,11-07-2023,10-08-2023,09-08-2023,1166.63,1166.63,Late
719,1044,11-07-2023,10-08-2023,09-08-2023,2590.59,2590.59,Late
720,1031,11-07-2023,10-08-2023,09-08-2023,4049.24,4049.24,On Time
721,1044,11-07-2023,10-08-2023,09-08-2023,2819.68,2819.68,Late
722,1060,11-07-2023,10-08-2023,09-08-2023,2069.01,2069.01,Late
723,1046,11-07-2023,10-08-2023,09-08-2023,1879.22,1879.22,Late
724,1020,11-07-2023,10-08-2023,09-08-2023,1526.07,1526.07,Late
725,1079,11-07-2023,10-08-2023,09-08-2023,4428.52,4428.52,Late
726,1084,11-07-2023,10-08-2023,09-08-2023,3301.42,3301.42,Late
727,1074,11-07-2023,10-08-2023,09-08-2023,1305.54,1305.54,Late
728,1035,11-07-2023,10-08-2023,09-08-2023,2530.32,2530.32,Late
729,1098,11-07-2023,10-08-2023,09-08-2023,2470.93,2470.93,Late
730,1018,11-07-2023,10-08-2023,09-08-2023,1726.96,1726.96,On Time
731,1019,11-07-2023,10-08-2023,09-08-2023,2742.03,2742.03,On Time
732,1056,11-07-2023,10-08-2023,09-08-2023,2328.4,2328.4,Late
733,1017,11-07-2023,10-08-2023,09-08-2023,2367.21,2367.21,Late
734,1046,11-07-2023,10-08-2023,09-08-2023,3956.11,3956.11,Late
735,1048,11-07-2023,10-08-2023,09-08-2023,1893.05,1893.05,On Time
736,1013,11-07-2023,10-08-2023,09-08-2023,3567.44,3567.44,Late
737,1014,11-07-2023,10-08-2023,09-08-2023,3282.6,3282.6,Late
738,1030,11-07-2023,10-08-2023,09-08-2023,3272.37,3272.37,Late
739,1000,11-07-2023,10-08-2023,09-08-2023,3652.03,3652.03,Late
740,1053,11-07-2023,10-08-2023,09-08-2023,3193.53,3193.53,Late
741,1002,11-07-2023,10-08-2023,09-08-2023,4517.02,4517.02,Late
742,1015,11-07-2023,10-08-2023,09-08-2023,3702.32,3702.32,Late
743,1086,11-07-2023,10-08-2023,09-08-2023,3187.85,3187.85,On Time
744,1056,11-07-2023,10-08-2023,09-08-2023,4319.05,4319.05,Late
745,1074,11-07-2023,10-08-2023,09-08-2023,3424.59,3424.59,Late
746,1011,11-07-2023,10-08-2023,09-08-2023,2164.58,2164.58,On Time
747,1073,11-07-2023,10-08-2023,09-08-2023,1828.38,1828.38,Late
748,1095,11-07-2023,10-08-2023,09-08-2023,1609.31,1609.31,On Time
749,1015,11-07-2023,10-08-2023,09-08-2023,4597.82,4597.82,On Time
750,1071,11-07-2023,10-08-2023,09-08-2023,3840.54,3840.54,Late
751,1075,11-07-2023,10-08-2023,09-08-2023,4749.51,4749.51,Late
752,1023,11-07-2023,10-08-2023,09-08-2023,3413.17,3413.17,Late
753,1027,11-07-2023,10-08-2023,09-08-2023,2893.6,2893.6,Late
754,1007,11-07-2023,10-08-2023,09-08-2023,1238.87,1238.87,Late
755,1091,11-07-2023,10-08-2023,09-08-2023,3686.57,3686.57,Late
756,1035,11-07-2023,10-08-2023,09-08-2023,3328.84,3328.84,Late
757,1089,11-07-2023,10-08-2023,09-08-2023,4960.84,4960.84,Late
758,1007,11-07-2023,10-08-2023,09-08-2023,1956.64,1956.64,Late
759,1057,11-07-2023,10-08-2023,09-08-2023,3122.95,3122.95,On Time
760,1059,11-07-2023,10-08-2023,09-08-2023,3603.83,3603.83,Late
761,1049,11-07-2023,10-08-2023,09-08-2023,3578.36,3578.36,Late
762,1027,11-07-2023,10-08-2023,09-08-2023,3245.17,3245.17,On Time
763,1091,11-07-2023,10-08-2023,09-08-2023,4107.71,4107.71,Late
764,1040,11-07-2023,10-08-2023,09-08-2023,1819.92,1819.92,Late
765,1099,11-07-2023,10-08-2023,09-08-2023,3902.51,3902.51,Late
766,1063,11-07-2023,10-08-2023,09-08-2023,3478.94,3478.94,Late
767,1026,11-07-2023,10-08-2023,09-08-2023,4584.3,4584.3,On Time
768,1062,11-07-2023,10-08-2023,09-08-2023,4388.78,4388.78,Late
769,1016,11-07-2023,10-08-2023,09-08-2023,2260.59,2260.59,Late
770,1072,11-07-2023,10-08-2023,09-08-2023,2104.95,2104.95,Late
771,1032,11-07-2023,10-08-2023,09-08-2023,4926.61,4926.61,Late
772,1083,11-07-2023,10-08-2023,09-08-2023,3109.06,3109.06,Late
773,1076,11-07-2023,10-08-2023,09-08-2023,4625.68,4625.68,Late
774,1091,11-07-2023,10-08-2023,09-08-2023,1655.52,1655.52,Late
775,1028,11-07-2023,10-08-2023,09-08-2023,3571.28,3571.28,Late
776,1012,11-07-2023,10-08-2023,09-08-2023,4239.44,4239.44,Late
777,1045,11-07-2023,10-08-2023,09-08-2023,4789.58,4789.58,Late
778,1034,11-07-2023,10-08-2023,09-08-2023,2349.36,2349.36,Late
779,1005,11-07-2023,10-08-2023,09-08-2023,3899.92,3899.92,Late
780,1081,11-07-2023,10-08-2023,09-08-2023,3155.25,3155.25,Late
781,1068,11-07-2023,10-08-2023,09-08-2023,1242.52,1242.52,Late
782,1046,11-07-2023,10-08-2023,09-08-2023,3760,3760,Late
783,1024,11-07-2023,10-08-2023,09-08-2023,3760.39,3760.39,Late
784,1065,11-07-2023,10-08-2023,09-08-2023,4722.43,4722.43,Late
785,1009,11-07-2023,10-08-2023,09-08-2023,2989.25,2989.25,Late
786,1055,11-07-2023,10-08-2023,09-08-2023,1921,1921,Late
787,1029,11-07-2023,10-08-2023,09-08-2023,1178.26,1178.26,Late
788,1004,11-07-2023,10-08-2023,09-08-2023,2662.57,2662.57,Late
789,1032,11-07-2023,10-08-2023,09-08-2023,2207.67,2207.67,Late
790,1064,11-07-2023,10-08-2023,09-08-2023,4044.35,4044.35,Late
791,1017,11-07-2023,10-08-2023,09-08-2023,2417.07,2417.07,Late
792,1095,11-07-2023,10-08-2023,09-08-2023,4796.28,4796.28,On Time
793,1048,11-07-2023,10-08-2023,09-08-2023,4849.24,4849.24,Late
794,1010,11-07-2023,10-08-2023,09-08-2023,3483.63,3483.63,Late
795,1084,11-07-2023,10-08-2023,09-08-2023,4714.64,4714.64,Late
796,1025,11-07-2023,10-08-2023,09-08-2023,4043.42,4043.42,Late
797,1062,11-07-2023,10-08-2023,09-08-2023,3187.44,3187.44,Late
798,1088,11-07-2023,10-08-2023,09-08-2023,1721.23,1721.23,Late
799,1085,11-07-2023,10-08-2023,09-08-2023,2834.39,2834.39,Late
800,1058,11-07-2023,10-08-2023,09-08-2023,3243.5,3243.5,Late
801,1026,11-07-2023,10-08-2023,09-08-2023,4455.85,4455.85,Late
802,1048,11-07-2023,10-08-2023,09-08-2023,2925.33,2925.33,Late
803,1076,11-07-2023,10-08-2023,09-08-2023,4590.7,4590.7,Late
804,1032,11-07-2023,10-08-2023,09-08-2023,3697.4,3697.4,Late
805,1097,11-07-2023,10-08-2023,09-08-2023,1548,1548,Late
806,1098,11-07-2023,10-08-2023,09-08-2023,4979.93,4979.93,Late
807,1000,11-07-2023,10-08-2023,09-08-2023,3108.93,3108.93,Late
808,1020,11-07-2023,10-08-2023,09-08-2023,2567.43,2567.43,Late
809,1054,11-07-2023,10-08-2023,09-08-2023,3636.46,3636.46,Late
810,1005,11-07-2023,10-08-2023,09-08-2023,1435.57,1435.57,Late
811,1091,11-07-2023,10-08-2023,09-08-2023,3546.15,3546.15,Late
812,1080,11-07-2023,10-08-2023,09-08-2023,2992.94,2992.94,Late
813,1068,11-07-2023,10-08-2023,09-08-2023,2626.7,2626.7,Late
814,1094,11-07-2023,10-08-2023,09-08-2023,4812.08,4812.08,Late
815,1004,11-07-2023,10-08-2023,09-08-2023,3090.16,3090.16,Late
816,1002,11-07-2023,10-08-2023,09-08-2023,1876.47,1876.47,Late
817,1052,11-07-2023,10-08-2023,09-08-2023,2835.85,2835.85,Late
818,1022,11-07-2023,10-08-2023,09-08-2023,4677.55,4677.55,Late
819,1052,11-07-2023,10-08-2023,09-08-2023,1704.38,1704.38,On Time
820,1036,11-07-2023,10-08-2023,09-08-2023,1855.83,1855.83,Late
821,1073,11-07-2023,10-08-2023,09-08-2023,1052.12,1052.12,Late
822,1073,11-07-2023,10-08-2023,09-08-2023,1056.76,1056.76,Late
823,1082,11-07-2023,10-08-2023,09-08-2023,4317.57,4317.57,Late
824,1016,11-07-2023,10-08-2023,09-08-2023,3928.49,3928.49,Late
825,1084,11-07-2023,10-08-2023,09-08-2023,2420.16,2420.16,Late
826,1077,11-07-2023,10-08-2023,09-08-2023,3793.24,3793.24,Late
827,1072,11-07-2023,10-08-2023,09-08-2023,2580.82,2580.82,Late
828,1000,11-07-2023,10-08-2023,09-08-2023,4811.59,4811.59,Late
829,1050,11-07-2023,10-08-2023,09-08-2023,4868.21,4868.21,Late
830,1044,11-07-2023,10-08-2023,09-08-2023,2571.18,2571.18,Late
831,1076,11-07-2023,10-08-2023,09-08-2023,4416.89,4416.89,Late
832,1003,11-07-2023,10-08-2023,09-08-2023,4092.36,4092.36,On Time
833,1061,11-07-2023,10-08-2023,09-08-2023,2240,2240,On Time
834,1064,11-07-2023,10-08-2023,09-08-2023,1928.16,1928.16,Late
835,1031,11-07-2023,10-08-2023,09-08-2023,2832.94,2832.94,On Time
836,1033,11-07-2023,10-08-2023,09-08-2023,4125.4,4125.4,Late
837,1091,11-07-2023,10-08-2023,09-08-2023,4840.67,4840.67,Late
838,1094,11-07-2023,10-08-2023,09-08-2023,4054.32,4054.32,Late
839,1071,11-07-2023,10-08-2023,09-08-2023,4420.83,4420.83,Late
840,1038,11-07-2023,10-08-2023,09-08-2023,3412.26,3412.26,Late
841,1025,11-07-2023,10-08-2023,09-08-2023,4341.63,4341.63,Late
842,1033,11-07-2023,10-08-2023,09-08-2023,4137.68,4137.68,Late
843,1053,11-07-2023,10-08-2023,09-08-2023,2507.94,2507.94,On Time
844,1002,11-07-2023,10-08-2023,09-08-2023,3207.96,3207.96,Late
845,1049,11-07-2023,10-08-2023,09-08-2023,4219.01,4219.01,Late
846,1011,11-07-2023,10-08-2023,09-08-2023,1184.23,1184.23,Late
847,1064,11-07-2023,10-08-2023,09-08-2023,4232.32,4232.32,Late
848,1053,11-07-2023,10-08-2023,09-08-2023,1711.55,1711.55,Late
849,1004,11-07-2023,10-08-2023,09-08-2023,3058.73,3058.73,Late
850,1093,11-07-2023,10-08-2023,09-08-2023,4233.1,4233.1,On Time
851,1093,11-07-2023,10-08-2023,09-08-2023,2015.28,2015.28,Late
852,1056,11-07-2023,10-08-2023,09-08-2023,1983.23,1983.23,On Time
853,1016,11-07-2023,10-08-2023,09-08-2023,2611.06,2611.06,On Time
854,1046,11-07-2023,10-08-2023,09-08-2023,4578.57,4578.57,On Time
855,1022,11-07-2023,10-08-2023,09-08-2023,1001.77,1001.77,On Time
856,1078,11-07-2023,10-08-2023,09-08-2023,4605.53,4605.53,Late
857,1084,11-07-2023,10-08-2023,09-08-2023,1615.23,1615.23,On Time
858,1013,11-07-2023,10-08-2023,09-08-2023,4960.35,4960.35,Late
859,1065,11-07-2023,10-08-2023,09-08-2023,4819.39,4819.39,On Time
860,1074,11-07-2023,10-08-2023,09-08-2023,2978.7,2978.7,Late
861,1050,11-07-2023,10-08-2023,09-08-2023,3050.88,3050.88,Late
862,1037,11-07-2023,10-08-2023,09-08-2023,2926.2,2926.2,Late
863,1063,11-07-2023,10-08-2023,09-08-2023,3541.77,3541.77,Late
864,1097,11-07-2023,10-08-2023,09-08-2023,1362.89,1362.89,Late
865,1037,11-07-2023,10-08-2023,09-08-2023,1130.47,1130.47,Late
866,1049,11-07-2023,10-08-2023,09-08-2023,1230.81,1230.81,On Time
867,1097,11-07-2023,10-08-2023,09-08-2023,2777.46,2777.46,Late
868,1081,11-07-2023,10-08-2023,09-08-2023,2102.19,2102.19,Late
869,1029,11-07-2023,10-08-2023,09-08-2023,3488.16,3488.16,Late
870,1078,11-07-2023,10-08-2023,09-08-2023,4969.77,4969.77,Late
871,1090,11-07-2023,10-08-2023,09-08-2023,2545.29,2545.29,Late
872,1050,11-07-2023,10-08-2023,09-08-2023,3295.37,3295.37,On Time
873,1062,11-07-2023,10-08-2023,09-08-2023,2662.42,2662.42,Late
874,1097,11-07-2023,10-08-2023,09-08-2023,4389.09,4389.09,Late
875,1051,11-07-2023,10-08-2023,09-08-2023,4608.95,4608.95,Late
876,1037,11-07-2023,10-08-2023,09-08-2023,4509.42,4509.42,Late
877,1096,11-07-2023,10-08-2023,09-08-2023,4897.49,4897.49,Late
878,1087,11-07-2023,10-08-2023,09-08-2023,1110.08,1110.08,Late
879,1078,11-07-2023,10-08-2023,09-08-2023,4359.26,4359.26,Late
880,1029,11-07-2023,10-08-2023,09-08-2023,4007.09,4007.09,Late
881,1050,11-07-2023,10-08-2023,09-08-2023,1914.78,1914.78,Late
882,1080,11-07-2023,10-08-2023,09-08-2023,4825.28,4825.28,Late
883,1004,11-07-2023,10-08-2023,09-08-2023,1592.71,1592.71,On Time
884,1028,11-07-2023,10-08-2023,09-08-2023,3718.2,3718.2,Late
885,1003,11-07-2023,10-08-2023,09-08-2023,1899.56,1899.56,Late
886,1009,11-07-2023,10-08-2023,09-08-2023,2725.52,2725.52,Late
887,1055,11-07-2023,10-08-2023,09-08-2023,3876.64,3876.64,Late
888,1016,11-07-2023,10-08-2023,09-08-2023,3253.3,3253.3,Late
889,1073,11-07-2023,10-08-2023,09-08-2023,2710.01,2710.01,Late
890,1016,11-07-2023,10-08-2023,09-08-2023,2305.35,2305.35,Late
891,1083,11-07-2023,10-08-2023,09-08-2023,4358.64,4358.64,On Time
892,1087,11-07-2023,10-08-2023,09-08-2023,1575.26,1575.26,Late
893,1068,11-07-2023,10-08-2023,09-08-2023,2720.41,2720.41,Late
894,1033,11-07-2023,10-08-2023,09-08-2023,4615.03,4615.03,On Time
895,1005,11-07-2023,10-08-2023,09-08-2023,4383.4,4383.4,Late
896,1052,11-07-2023,10-08-2023,09-08-2023,2603.77,2603.77,On Time
897,1065,11-07-2023,10-08-2023,09-08-2023,4052.43,4052.43,Late
898,1076,11-07-2023,10-08-2023,09-08-2023,4292.64,4292.64,On Time
899,1042,11-07-2023,10-08-2023,09-08-2023,4555.55,4555.55,Late
900,1074,11-07-2023,10-08-2023,09-08-2023,3178.02,3178.02,Late
901,1022,11-07-2023,10-08-2023,09-08-2023,1817.84,1817.84,Late
902,1054,11-07-2023,10-08-2023,09-08-2023,2021.24,2021.24,Late
903,1079,11-07-2023,10-08-2023,09-08-2023,2182.78,2182.78,On Time
904,1094,11-07-2023,10-08-2023,09-08-2023,3375.21,3375.21,Late
905,1074,11-07-2023,10-08-2023,09-08-2023,1131.24,1131.24,On Time
906,1015,11-07-2023,10-08-2023,09-08-2023,3544.17,3544.17,On Time
907,1007,11-07-2023,10-08-2023,09-08-2023,2457.42,2457.42,Late
908,1003,11-07-2023,10-08-2023,09-08-2023,2180.97,2180.97,Late
909,1003,11-07-2023,10-08-2023,09-08-2023,4517.99,4517.99,Late
910,1055,11-07-2023,10-08-2023,09-08-2023,2840.01,2840.01,Late
911,1024,11-07-2023,10-08-2023,09-08-2023,1380.21,1380.21,Late
912,1066,11-07-2023,10-08-2023,09-08-2023,4306.99,4306.99,Late
913,1095,11-07-2023,10-08-2023,09-08-2023,1190.57,1190.57,On Time
914,1066,11-07-2023,10-08-2023,09-08-2023,3907,3907,Late
915,1026,11-07-2023,10-08-2023,09-08-2023,4095.62,4095.62,On Time
916,1092,11-07-2023,10-08-2023,09-08-2023,2410.41,2410.41,Late
917,1031,11-07-2023,10-08-2023,09-08-2023,4299.15,4299.15,Late
918,1049,11-07-2023,10-08-2023,09-08-2023,3062.64,3062.64,Late
919,1060,11-07-2023,10-08-2023,09-08-2023,2853.17,2853.17,Late
920,1050,11-07-2023,10-08-2023,09-08-2023,1181.61,1181.61,Late
921,1018,11-07-2023,10-08-2023,09-08-2023,2160.12,2160.12,Late
922,1020,11-07-2023,10-08-2023,09-08-2023,4724.04,4724.04,On Time
923,1004,11-07-2023,10-08-2023,09-08-2023,2567.3,2567.3,Late
924,1081,11-07-2023,10-08-2023,09-08-2023,3186.8,3186.8,On Time
925,1091,11-07-2023,10-08-2023,09-08-2023,3128.09,3128.09,Late
926,1041,11-07-2023,10-08-2023,09-08-2023,3361.72,3361.72,On Time
927,1060,11-07-2023,10-08-2023,09-08-2023,1245.32,1245.32,Late
928,1021,11-07-2023,10-08-2023,09-08-2023,2448.71,2448.71,Late
929,1020,11-07-2023,10-08-2023,09-08-2023,3892.51,3892.51,Late
930,1069,11-07-2023,10-08-2023,09-08-2023,1802.24,1802.24,Late
931,1000,11-07-2023,10-08-2023,09-08-2023,1814.31,1814.31,On Time
932,1004,11-07-2023,10-08-2023,09-08-2023,1040.36,1040.36,Late
933,1011,11-07-2023,10-08-2023,09-08-2023,2749.93,2749.93,Late
934,1089,11-07-2023,10-08-2023,09-08-2023,4530.94,4530.94,On Time
935,1045,11-07-2023,10-08-2023,09-08-2023,1207.6,1207.6,Late
936,1033,11-07-2023,10-08-2023,09-08-2023,1764.47,1764.47,Late
937,1048,11-07-2023,10-08-2023,09-08-2023,2240.34,2240.34,Late
938,1077,11-07-2023,10-08-2023,09-08-2023,3926.9,3926.9,Late
939,1089,11-07-2023,10-08-2023,09-08-2023,3562.54,3562.54,Late
940,1044,11-07-2023,10-08-2023,09-08-2023,2663.78,2663.78,Late
941,1026,11-07-2023,10-08-2023,09-08-2023,4036.28,4036.28,Late
942,1072,11-07-2023,10-08-2023,09-08-2023,3438.52,3438.52,Late
943,1025,11-07-2023,10-08-2023,09-08-2023,4584.16,4584.16,Late
944,1046,11-07-2023,10-08-2023,09-08-2023,4272.11,4272.11,Late
945,1085,11-07-2023,10-08-2023,09-08-2023,2011.25,2011.25,Late
946,1055,11-07-2023,10-08-2023,09-08-2023,2085.75,2085.75,On Time
947,1093,11-07-2023,10-08-2023,09-08-2023,1501.43,1501.43,Late
948,1062,11-07-2023,10-08-2023,09-08-2023,2347.86,2347.86,On Time
949,1047,11-07-2023,10-08-2023,09-08-2023,4998.18,4998.18,Late
950,1060,11-07-2023,10-08-2023,09-08-2023,2623,2623,Late
951,1080,11-07-2023,10-08-2023,09-08-2023,1881.95,1881.95,Late
952,1025,11-07-2023,10-08-2023,09-08-2023,4049.93,4049.93,On Time
953,1035,11-07-2023,10-08-2023,09-08-2023,3169.88,3169.88,Late
954,1000,11-07-2023,10-08-2023,09-08-2023,1598.41,1598.41,Late
955,1007,11-07-2023,10-08-2023,09-08-2023,2522.76,2522.76,Late
956,1098,11-07-2023,10-08-2023,09-08-2023,2657.88,2657.88,On Time
957,1051,11-07-2023,10-08-2023,09-08-2023,4015.32,4015.32,Late
958,1078,11-07-2023,10-08-2023,09-08-2023,1082.69,1082.69,Late
959,1046,11-07-2023,10-08-2023,09-08-2023,2076.08,2076.08,Late
960,1055,11-07-2023,10-08-2023,09-08-2023,3070.39,3070.39,Late
961,1085,11-07-2023,10-08-2023,09-08-2023,2075.39,2075.39,Late
962,1013,11-07-2023,10-08-2023,09-08-2023,3513.74,3513.74,Late
963,1089,11-07-2023,10-08-2023,09-08-2023,2927.47,2927.47,Late
964,1027,11-07-2023,10-08-2023,09-08-2023,2446.84,2446.84,Late
965,1086,11-07-2023,10-08-2023,09-08-2023,4796.83,4796.83,On Time
966,1077,11-07-2023,10-08-2023,09-08-2023,3528.64,3528.64,Late
967,1087,11-07-2023,10-08-2023,09-08-2023,1519.77,1519.77,On Time
968,1001,11-07-2023,10-08-2023,09-08-2023,3240.37,3240.37,On Time
969,1025,11-07-2023,10-08-2023,09-08-2023,4122.93,4122.93,Late
970,1013,11-07-2023,10-08-2023,09-08-2023,3833.96,3833.96,Late
971,1058,11-07-2023,10-08-2023,09-08-2023,1688.36,1688.36,Late
972,1055,11-07-2023,10-08-2023,09-08-2023,4889.68,4889.68,Late
973,1006,11-07-2023,10-08-2023,09-08-2023,2795.25,2795.25,On Time
974,1002,11-07-2023,10-08-2023,09-08-2023,1636.1,1636.1,Late
975,1022,11-07-2023,10-08-2023,09-08-2023,1720.78,1720.78,Late
976,1017,11-07-2023,10-08-2023,09-08-2023,1392.94,1392.94,Late
977,1037,11-07-2023,10-08-2023,09-08-2023,4214.07,4214.07,Late
978,1098,11-07-2023,10-08-2023,09-08-2023,1488.12,1488.12,Late
979,1014,11-07-2023,10-08-2023,09-08-2023,1500.5,1500.5,Late
980,1063,11-07-2023,10-08-2023,09-08-2023,4401.89,4401.89,Late
981,1088,11-07-2023,10-08-2023,09-08-2023,2378.42,2378.42,On Time
982,1027,11-07-2023,10-08-2023,09-08-2023,1123.43,1123.43,Late
983,1073,11-07-2023,10-08-2023,09-08-2023,1207.58,1207.58,Late
984,1038,11-07-2023,10-08-2023,09-08-2023,1568.68,1568.68,Late
985,1056,11-07-2023,10-08-2023,09-08-2023,1853.57,1853.57,Late
986,1016,11-07-2023,10-08-2023,09-08-2023,3660.58,3660.58,On Time
987,1085,11-07-2023,10-08-2023,09-08-2023,1629.31,1629.31,Late
988,1089,11-07-2023,10-08-2023,09-08-2023,1475.5,1475.5,Late
989,1043,11-07-2023,10-08-2023,09-08-2023,4058.88,4058.88,Late
990,1024,11-07-2023,10-08-2023,09-08-2023,3684.22,3684.22,Late
991,1016,11-07-2023,10-08-2023,09-08-2023,2741.3,2741.3,Late
992,1012,11-07-2023,10-08-2023,09-08-2023,3197.24,3197.24,On Time
993,1083,11-07-2023,10-08-2023,09-08-2023,2247.94,2247.94,Late
994,1024,11-07-2023,10-08-2023,09-08-2023,2930,2930,Late
995,1067,11-07-2023,10-08-2023,09-08-2023,3026.69,3026.69,Late
996,1009,11-07-2023,10-08-2023,09-08-2023,2548.95,2548.95,Late
997,1066,11-07-2023,10-08-2023,09-08-2023,4626.29,4626.29,Late
998,1017,11-07-2023,10-08-2023,09-08-2023,1064.25,1064.25,Late
999,1099,11-07-2023,10-08-2023,09-08-2023,4128.69,4128.69,On Time
1000,1085,11-07-2023,10-08-2023,09-08-2023,1497.53,1497.53,Late
